compound_id,pubchem,chembl,drugbank,targets,carcinogenicity,class_in_vivo,class_in_vitro,class_name,smiles,inchikey
1,11080,,,,"","",NGTX,,C1=CC=C2C(=C1)C=CC=C2N=C=S,JBDOSUUXMYMWQH-UHFFFAOYSA-N
2,4781,,,,C,NGTX,GTX,,CCCCC1C(=O)N(N(C1=O)C2=CC=CC=C2)C3=CC=CC=C3,VYMDGNCVAMGZFE-UHFFFAOYSA-N
3,25141428,,,,"","","",,CO[C@H]1C=CO[C@@]2(C)Oc3c(C2=O)c4c(O)c(C=NN5CCN(C)CC5)c(NC(=O)C(=CC=CC(C)[C@H](O)[C@@H](C)[C@@H](O)[C@@H](C)[C@@H](OC(=O)C)[C@@H]1C)C)c(O)c4c(O)c3C,FZYOVNIOYYPUPY-AMSHPFMVSA-N
4,3715,,,,"","","",,COc1ccc2n(C(=O)c3ccc(Cl)cc3)c(C)c(CC(=O)O)c2c1,CGIGDMFJXJATDK-UHFFFAOYSA-N
5,2726,,,,"","",NGTX,,CN(C)CCCN1c2ccccc2Sc3ccc(Cl)cc13,ZPEIMTDSQAKGNT-UHFFFAOYSA-N
6,3767,,,,C,"",GTX,,NNC(=O)c1ccncc1,QRXWMOHMRWLFEY-UHFFFAOYSA-N
7,1983,,,,C,GTX,GTX,,CC(=O)Nc1ccc(O)cc1,RZVAJINKPMORJF-UHFFFAOYSA-N
8,2796,,,,C,NGTX,GTX,,CCOC(=O)C(C)(C)Oc1ccc(Cl)cc1,KNHUKKLJHYUCFP-UHFFFAOYSA-N
9,5943,,,,C,NGTX,GTX,,C(Cl)(Cl)(Cl)Cl,VZGDMQKNWNREIO-UHFFFAOYSA-N
10,4763,,,,C,NGTX,GTX,,CCC1(C(=O)NC(=O)NC1=O)C2=CC=CC=C2,DDBREPKUVSBGFI-UHFFFAOYSA-N
11,4098,,,,"","",GTX,,CN(C)CCN(Cc1cccs1)c2ccccn2,HNJJXZKZRAWDPF-UHFFFAOYSA-N
12,25674,,,,"","","",,CCSCCC(C(=O)O)N,GGLZPLKKBSSKCX-YFKPBYRVSA-N
13,2554,,,,"","","",,C1=CC=C2C(=C1)C=CC3=CC=CC=C3N2C(=O)N,FFGPTBGBLSHEPO-UHFFFAOYSA-N
14,2756,,,,NC,"","",,CNC(=NC#N)NCCSCc1nc[nH]c1C,AQIXAKUUQRKLND-UHFFFAOYSA-N
15,3372,,,,"",GTX,"",,OCCN1CCN(CCCN2c3ccccc3Sc4ccc(cc24)C(F)(F)F)CC1,PLDUPXSUYLZYBN-UHFFFAOYSA-N
16,5694,,,,"","","",,Cc1cccc(Nc2cc(Cl)nc(SCC(=O)O)n2)c1C,SZRPDCCEHVWOJX-UHFFFAOYSA-N
17,2244,,,,NC,"",NGTX,,CC(=O)OC1=CC=CC=C1C(=O)O,BSYNRYMUTXBXSQ-UHFFFAOYSA-N
18,3463,,,,C,"","",,Cc1ccc(C)c(OCCCC(C)(C)C(=O)O)c1,HEMJJKBWTPKOJG-UHFFFAOYSA-N
19,3869,,,,"","",NGTX,,CC(CCc1ccccc1)NCC(O)c2ccc(O)c(c2)C(=O)N,SGUAFYQXFOLMHL-UHFFFAOYSA-N
20,8370,,,,C,"",GTX,,C1(=C(C(=C(C(=C1Cl)Cl)Cl)Cl)Cl)Cl,CKAPSXZOOQJIBF-UHFFFAOYSA-N
21,2157,,,,"",?,"",,CCCCc1oc2ccccc2c1C(=O)c3cc(I)c(OCCN(CC)CC)c(I)c3,IYIKLHRQXLHMJQ-UHFFFAOYSA-N
22,2094,,,,"","",GTX,,C1=C2C(=NC=NC2=O)NN1,OFCNXPDARWKPPY-UHFFFAOYSA-N
23,2333,,,,"","","",,CCc1oc2ccccc2c1C(=O)c3cc(Br)c(O)c(Br)c3,WHQCHUCQKNIQEC-UHFFFAOYSA-N
24,6604200,,,,C,NGTX,GTX,,[O-][N+](=O)c1ccc(C=NN2CC(=O)NC2=O)o1,NXFQHRVNIOXGAQ-YCRREMRBSA-N
25,3016,,,,NC,NGTX,GTX,,CN1C(=O)CN=C(C2=C1C=CC(=C2)Cl)C3=CC=CC=C3,AAOVKJBEBIDNHE-UHFFFAOYSA-N
26,441140,,,,C,NGTX,GTX,,COC1=CC(=O)C[C@@H](C)[C@@]21Oc3c(C2=O)c(OC)cc(OC)c3Cl,DDUHZTYCFQRHIY-RBHXEPJQSA-N
27,5353980,,,,C,NGTX,NGTX,,OC(=O)c1cc(N=Nc2ccc(cc2)S(=O)(=O)Nc3ccccn3)ccc1O,NCEXYHBECQHGNR-UHFFFAOYSA-N
28,7961,,,,"","",NGTX,,C1=CC=C(C=C1)Br,QARVLSVVCXYDNA-UHFFFAOYSA-N
29,2907,,,,C,GTX,GTX,,C1CNP(=O)(OC1)N(CCCl)CCCl,CMSMOCZEIVJLDB-UHFFFAOYSA-N
30,4594,,,,"",?,NGTX,,COc1ccc2[nH]c(nc2c1)S(=O)Cc3ncc(C)c(OC)c3C,SUBDBMMJDZJVOS-UHFFFAOYSA-N
31,7858,,,,NC,NGTX,NGTX,,C=CCO,XXROGKLTLUQVRX-UHFFFAOYSA-N
32,3121,,,,"",NGTX,NGTX,,CCCC(CCC)C(=O)O,NIJJYAXOARWZEE-UHFFFAOYSA-N
33,3033,,,,NC,NGTX,NGTX,,OC(=O)Cc1ccccc1Nc2c(Cl)cccc2Cl,DCOPUUMXTXDBNB-UHFFFAOYSA-N
34,657298,,,,C,NGTX,NGTX,,CCCc1cc(=O)[nH]c(=S)[nH]1,KNAHARQHSZJURB-UHFFFAOYSA-N
35,323,,,,"","","",,C1=CC=C2C(=C1)C=CC(=O)O2,ZYGHJZDHTFUPRJ-UHFFFAOYSA-N
36,3559,,,,"",NGTX,NGTX,,OC1(CCN(CCCC(=O)c2ccc(F)cc2)CC1)c3ccc(Cl)cc3,LNEPOXFFQSENCJ-UHFFFAOYSA-N
37,54675776,,,,NC,GTX,"",,CN(C)[C@H]1[C@@H]2C[C@H]3C(=C(O)[C@]2(O)C(=O)C(=C1O)C(=O)N)C(=O)c4c(O)cccc4[C@@]3(C)O,OFVLGDICTFRJMM-WESIUVDSSA-N
38,3397,,,,"","","",,CC(C)C(=O)NC1=CC(=C(C=C1)[N+](=O)[O-])C(F)(F)F,MKXKFYHWDHIYRV-UHFFFAOYSA-N
39,3488,,,,"","","",,COC1=C(C=C(C=C1)Cl)C(=O)NCCC2=CC=C(C=C2)S(=O)(=O)NC(=O)NC3CCCCC3,ZNNLBTZKUZBEKO-UHFFFAOYSA-N
40,2265,,,,C,GTX,GTX,,Cn1cnc([N+](=O)[O-])c1Sc2[nH]cnc3ncnc23,LMEKQMALGUDUQG-UHFFFAOYSA-N
41,4746,,,,"","","",,C(C(C1CCCCC1)C2CCCCC2)C3CCCCN3,CYXKNKQEMFBLER-UHFFFAOYSA-N
42,1775,,,,C,NGTX,NGTX,,C1=CC=C(C=C1)C2(C(=O)NC(=O)N2)C3=CC=CC=C3,CXOFVDLJLONNDW-UHFFFAOYSA-N
43,6419921,,,,"","","",,CN(C)CCC=C1C2=CC=CC=C2COC3=CC=CC=C31.Cl,MHNSPTUQQIYJOT-SJDTYFKWSA-N
44,5452,,,,"","","",,CSc1ccc2Sc3ccccc3N(CCC4CCCCN4C)c2c1,KLBQZWRITKRQQV-UHFFFAOYSA-N
45,6010,,,,"","","",,CC12CCC(=O)C=C1CCC3C2CCC4(C3CCC4(C)O)C,GCKMFJBGXUYNAG-HLXURNFRSA-N
46,3950,,,,"","","",,ClCCN(N=O)C(=O)NC1CCCCC1,GQYIWUVLTXOXAJ-UHFFFAOYSA-N
47,2723949,,,,C,GTX,GTX,,CC(=S)N,YUKQRDCYNOVPGJ-UHFFFAOYSA-N
48,456201,,,,"","","",,CC(=O)N1CCN(CC1)c2ccc(OCC3CO[C@@](Cn4ccnc4)(O3)c5ccc(Cl)cc5Cl)cc2,XMAYWYJOQHXEEK-OZXSUGGESA-N
49,2764,,,,"","",GTX,,OC(=O)c1cn(C2CC2)c3cc(N4CCNCC4)c(F)cc3c1=O,MYSWGUAQZAJSOK-UHFFFAOYSA-N
50,4723,,,,"","","",,C1=CC=C(C=C1)C2C(=O)N=C(O2)N,NRNCYVBFPDDJNE-UHFFFAOYSA-N
51,2717,,,,"","","",,CN1C(c2ccc(Cl)cc2)S(=O)(=O)CCC1=O,WEQAYVWKMWHEJO-UHFFFAOYSA-N
52,4091,,,,"",NGTX,"",,CN(C)C(=N)NC(=N)N,XZWYZXLIPXDOLR-UHFFFAOYSA-N
53,25010734,,,,C,GTX,GTX,,[H+].[H+].[H+].CCC(=C(C1=CC=CC=C1)C2=CC=C(C=C2)OCCN(C)C)C3=CC=CC=C3.C(C(=O)[O-])C(CC(=O)[O-])(C(=O)[O-])O,FQZYTYWMLGAPFJ-OQKDUQJOSA-N
54,5991,,,,"","","",,CC12CCC3C(C1CCC2(C#C)O)CCC4=C3C=CC(=C4)O,BFPYWIDHMRZLRN-SLHNCBLASA-N
55,38853,,,,"",NGTX,GTX,,C[C@](N)(Cc1ccc(O)c(O)c1)C(=O)O,CJCSPKMFHVPWAR-JTQLQIEISA-N
56,1349907,,,,C,NGTX,GTX,,Cn1ccnc1S,PMRYVIKBURPHAH-UHFFFAOYSA-N
57,9415,,,,C,"",GTX,,C[C@H]1C(=O)O[C@@H]2CCN3CC=C(COC(=O)[C@](C)(O)[C@]1(C)O)[C@H]23,QVCMHGGNRFRMAD-XFGHUUIASA-N
58,445354,,,,"","","",,CC1=C(C(CCC1)(C)C)C=CC(=CC=CC(=CCO)C)C,FPIPGXGPPPQFEQ-OVSJKPMPSA-N
59,441074,,,,"","",NGTX,,COc1ccc2nccc(C(O)[C@H]3CC4CC[C@@H]3CC4C=C)c2c1,LOUPRKONTZGTKE-LHHVKLHASA-N
60,1935,,,,"",NGTX,GTX,,Nc1c2CCCCc2nc3ccccc13,YLJREFDVOIBQDA-UHFFFAOYSA-N
61,4260,,,,"","","",,CC(C)c1cc(OC(=O)C)c(C)cc1OCCN(C)C,VRYMTAVOXVTQEF-UHFFFAOYSA-N
62,3748,,,,"","",NGTX,,CC(C)NNC(=O)c1ccncc1,NYMGNSNKLVNMIA-UHFFFAOYSA-N
63,5959,,,,C,GTX,NGTX,,OC[C@@H](NC(=O)C(Cl)Cl)[C@H](O)c1ccc(cc1)[N+](=O)[O-],WIIZWVCIJKGZOK-RKDXNWHRSA-N
64,5447130,,,,C,NGTX,GTX,,NC(=O)N/N=C/c1ccc(o1)[N+](=O)[O-],IAIWVQXQOWNYOU-FPYGCLRLSA-N
65,5584,,,,"","","",,CC(CN(C)C)CN1c2ccccc2CCc3ccccc13,ZSCDBOWYZJWBIY-UHFFFAOYSA-N
66,2160,,,,"","",NGTX,,CN(C)CCC=C1c2ccccc2CCc3ccccc13,KRMDCWKBEZIMAB-UHFFFAOYSA-N
67,3658,,,,"","","",,OCCOCCN1CCN(CC1)[C@H](c2ccccc2)c3ccc(Cl)cc3,ZQDWXGKKHFNSQK-UHFFFAOYSA-N
68,3672,,,,"","","",,CC(C)CC1=CC=C(C=C1)C(C)C(=O)O,HEFNNWSXXWATRW-UHFFFAOYSA-N
69,156391,,,,"","",NGTX,,COc1ccc2cc(ccc2c1)[C@H](C)C(=O)O,CMWTZPSULFXXJA-VIFPVBQESA-N
70,3440,,,,C,NGTX,GTX,,NS(=O)(=O)c1cc(C(=O)O)c(NCc2ccco2)cc1Cl,ZZUFCTLCJUWOSV-UHFFFAOYSA-N
71,3339,,,,"","",NGTX,,CC(C)OC(=O)C(C)(C)Oc1ccc(cc1)C(=O)c2ccc(Cl)cc2,YMTINGFKWWXKFG-UHFFFAOYSA-N
72,2727,,,,NC,"",NGTX,,CCCNC(=O)NS(=O)(=O)c1ccc(Cl)cc1,RKWGIWYCVPQPMF-UHFFFAOYSA-N
73,938,,,,NC,NGTX,NGTX,,OC(=O)c1cccnc1,PVNIIMVLHYAWGP-UHFFFAOYSA-N
74,443953,,,,NC,"",NGTX,,CCC1C(C(C(C(=O)C(CC(C(C(C(C(C(=O)O1)C)OC2CC(C(C(O2)C)O)(C)OC)C)OC3C(C(CC(O3)C)N(C)C)OC(=O)CCC(=O)OCC)(C)O)C)C)O)(C)O,NSYZCCDSJNWWJL-YXOIYICCSA-N
75,14052,,,,"","",NGTX,,CC[C@@H](CO)NCCN[C@@H](CC)CO,AEUTYOVWOVBAKS-UWVGGRQHSA-N
76,4044,,,,"","","",,Cc1cccc(Nc2ccccc2C(=O)O)c1C,HYYBABOKPJLUIN-UHFFFAOYSA-N
77,3325,,,,"","","",,NC(=Nc1nc(CSCC/C(=N\S(=O)(=O)N)/N)cs1)N,XUFQPHANEAPEMJ-UHFFFAOYSA-N
78,3001055,,,,"","",NGTX,,CN/C(=C\[N+](=O)[O-])/NCCSCc1ccc(CN(C)C)o1,VMXUWOKSQNHOCA-UKTHLTGXSA-N
79,16129778,,,,C,"",?,,C1=C(C=C(C(=C1O)O)O)C(=O)OC2=CC(=CC(=C2O)O)C(=O)OCC3C(C(C(C(O3)OC(=O)C4=CC(=C(C(=C4)OC(=O)C5=CC(=C(C(=C5)O)O)O)O)O)OC(=O)C6=CC(=C(C(=C6)OC(=O)C7=CC(=C(C(=C7)O)O)O)O)O)OC(=O)C8=CC(=C(C(=C8)OC(=O)C9=CC(=C(C(=C9)O)O)O)O)O)OC(=O)C1=CC(=C(C(=C1)OC(=O)C1=CC(=C(C(=C1)O)O)O)O)O,LRBQNJMCXXYXIU-PPKXGCFTSA-N
80,44093,,,,"",NGTX,NGTX,,C[C@H](CS)C(=O)N1CCC[C@H]1C(=O)O,FAKRSMQSSFJEIM-RQJHMYQMSA-N
81,2519,,,,NC,GTX,GTX,,CN1C=NC2=C1C(=O)N(C(=O)N2C)C,RYYVLZVUVIJVGH-UHFFFAOYSA-N
82,4680,,,,"","",NGTX,,COc1ccc(Cc2nccc3cc(OC)c(OC)cc23)cc1OC,XQYZDYMELSJDRZ-UHFFFAOYSA-N
83,40466924,,,,"","","",,CCOC(=O)[C@H](CCc1ccccc1)N[C@@H](C)C(=O)N2CCC[C@H]2C(=O)O,GBXSMTUPTTWBMN-XIRDDKMYSA-N
84,2153,,,,NC,NGTX,NGTX,,CN1C2=C(C(=O)N(C1=O)C)NC=N2,ZFXYFBGIUFBOJW-UHFFFAOYSA-N
85,1548887,,,,"","","",,CC/1=C(CC(=O)O)c2cc(F)ccc2\C1=C/c3ccc(cc3)S(=O)C,MLKXDPUZXIRXEP-MFOYZWKCSA-N
86,5852,,,,"","","",,CC(C)(C(C(=O)O)N)S,VVNCNSJFMMFHPL-VKHMYHEASA-N
87,3114,,,,"","","",,CC(C)N(CCC(C(=O)N)(c1ccccc1)c2ccccn2)C(C)C,UVTNFZQICZKOEM-UHFFFAOYSA-N
88,4178,,,,"","","",,CC(N)COc1c(C)cccc1C,VLPIATFUUWWMKC-UHFFFAOYSA-N
89,1986,,,,"","","",,CC(=O)Nc1nnc(s1)S(=O)(=O)N,BZKPWHYZMXOIDC-UHFFFAOYSA-N
90,3117,,,,NC,"",GTX,,CCN(CC)C(=S)SSC(=S)N(CC)CC,AUZONCFQVSMFAP-UHFFFAOYSA-N
91,6167,,,,"",NGTX,NGTX,,CC(=O)NC1CCC2=CC(=C(C(=C2C3=CC=C(C(=O)C=C13)OC)OC)OC)OC,IAKHMKGGTNLKSZ-INIZCTEOSA-N
92,4485,,,,"","",NGTX,,CC1=C(C(C(=C(N1)C)C(=O)OC)C2=CC=CC=C2[N+](=O)[O-])C(=O)OC,HYIMSNHJOBLJNT-UHFFFAOYSA-N
93,39186,,,,"","","",,COc1ccc(cc1)[C@@H]2Sc3ccccc3N(CCN(C)C)C(=O)[C@@H]2OC(=O)C,HSUGRBWQSSZJOP-RTWAWAEBSA-N
94,2725,,,,NC,NGTX,NGTX,,CN(C)CCC(c1ccc(Cl)cc1)c2ccccn2,SOYKEARSMXGVTM-UHFFFAOYSA-N
95,5505,,,,NC,"",NGTX,,CCCCNC(=O)NS(=O)(=O)c1ccc(C)cc1,JLRGJRBPOGGCBT-UHFFFAOYSA-N
96,41774,,,,"","","",,CC1C(C(C(C(O1)OC2C(OC(C(C2O)O)OC3C(OC(C(C3O)O)O)CO)CO)O)O)NC4C=C(C(C(C4O)O)O)CO,XUFXOAAUWZOOIT-UGEKTDRHSA-N
97,54454,,,,"",NGTX,NGTX,,CCC(C)(C)C(=O)OC1CC(C=C2C1C(C(C=C2)C)CCC3CC(CC(=O)O3)O)C,RYMZZMVNJRMUDD-HGQWONQESA-N
98,54677470,,,,"","","",,CC1=CN=C(S1)NC(=O)C2=C(C3=CC=CC=C3S(=O)(=O)N2C)O,ZRVUJXDFFKFLMG-UHFFFAOYSA-N
99,5284533,,,,C,NGTX,NGTX,,CC(=O)C1(CCC2C1(CCC3C2C=C(C4=CC(=O)CCC34C)Cl)C)O,VUHJZBBCZGVNDZ-TTYLFXKOSA-N
100,6237,,,,"",NGTX,NGTX,,CCC1=C(C2=CC=CC=C2O1)C(=O)C3=CC(=C(C(=C3)I)O)I,CZCHIEJNWPNBDE-UHFFFAOYSA-N
101,2761171,,,,C,"",GTX,,CCc1cc(ccn1)C(=S)N,AEOCXXJPGCBFJA-UHFFFAOYSA-N
102,4495,,,,"",GTX,"",,CS(=O)(=O)Nc1ccc(cc1Oc2ccccc2)[N+](=O)[O-],HYWYRSMBCFDLJT-UHFFFAOYSA-N
103,702,,,,C,NGTX,NGTX,,CCO,LFQSCWFLJHTTHZ-UHFFFAOYSA-N
104,14130,,,,C,"",NGTX,,CCOC1=CC=C(C=C1)NC(=O)CC(C)O,LIAWQASKBFCRNR-UHFFFAOYSA-N
105,,,,,"","","",,"",""
106,5472,,,,"","","",,Clc1ccccc1CN2CCc3sccc3C2,PHWBOXQYWZNQIN-UHFFFAOYSA-N
107,5483,,,,"",NGTX,NGTX,,CC(C(=O)NCC(=O)O)S,YTGJWQPHMWSCST-UHFFFAOYSA-N
108,4927,,,,NC,"",NGTX,,CC(CN1c2ccccc2Sc3ccccc13)N(C)C,PWWVAXIEGOYWEE-UHFFFAOYSA-N
109,5355,,,,"","","",,CCN1CCCC1CNC(=O)c2cc(ccc2OC)S(=O)(=O)N,BGRJTUBHPOOWDU-UHFFFAOYSA-N
110,6914273,,,,"","","",,[O-][N+](=O)c1ccc(cc1)c2ccc(/C=N/N3CC(=O)NC3=O)o2,OZOMQRBLCMDCEG-VIZOYTHASA-N
111,2801,,,,"","","",,CN(C)CCCN1c2ccccc2CCc3ccc(Cl)cc13,GDLIGKIOYRNHDA-UHFFFAOYSA-N
112,1549008,,,,"","","",,CC(C)(C)C#CC=CCN(C)CC1=CC=CC2=CC=CC=C21,DOMXUEMWDBAQBQ-WEVVVXLNSA-N
113,54690031,,,,NC,"","",,CN1C(=C(C2=C(S1(=O)=O)C=C(S2)Cl)O)C(=O)NC3=CC=CC=N3,WLHQHAUOOXYABV-UHFFFAOYSA-N
114,28417,,,,"","","",,C[C@@]12CCC3C(CCC4=Cc5oncc5C[C@]34C)C2CC[C@@]1(O)C#C,POZRVZJJTULAOH-LHZXLZLDSA-N
115,36462,,,,C,GTX,GTX,,COc1cc(cc(OC)c1O)[C@H]2[C@@H]3C(COC3=O)C(OC4OC5COC(C)OC5C(O)C4O)c6cc7OCOc7cc26,VJJPUSNTGOMMGY-MRVIYFEKSA-N
116,4386,,,,"","","",,OC(=O)c1ccccc1Nc2ccccc2,ZWJINEZUASEZBH-UHFFFAOYSA-N
117,441080,,,,"","","",,CC[C@@H]1[C@@H](O)N2C3C[C@@]45C(O)C3C1CC2C5N(C)c6ccccc64,CJDRUOGAGYHKKD-HEFSZTOGSA-N
118,4754,,,,C,NGTX,GTX,,CCOc1ccc(NC(=O)C)cc1,CPJSUEIXXCENMM-UHFFFAOYSA-N
119,5921,,,,C,GTX,GTX,,CCN(CC)N=O,WBNQDOYYEUMPFS-UHFFFAOYSA-N
120,54897,,,,"","","",,CCCN(CCC)C(=O)CC1=C(N=C2N1C=C(C=C2)Cl)C3=CC=C(C=C3)Cl,JRTIDHTUMYMPRU-UHFFFAOYSA-N
121,5656,,,,"","","",,CN(C)CC(C1=CC=C(C=C1)OC)C2(CCCCC2)O,PNVNVHUZROJLTJ-UHFFFAOYSA-N
122,2818,,,,"","","",,CN1CCN(CC1)C2=Nc3cc(Cl)ccc3Nc4ccccc24,ZUXABONWMNSFBN-UHFFFAOYSA-N
123,2477,,,,"","","",,O=C1CC2(CCCC2)CC(=O)N1CCCCN3CCN(CC3)c4ncccn4,QWCRAEMEVRGPNT-UHFFFAOYSA-N
124,4449,,,,"","","",,CCC1=NN(C(=O)N1CCOC2=CC=CC=C2)CCCN3CCN(CC3)C4=CC(=CC=C4)Cl,VRBKIVRKKCLPHA-UHFFFAOYSA-N
125,5556,,,,"","","",,CC1=NN=C2N1C3=C(C=C(C=C3)Cl)C(=NC2)C4=CC=CC=C4Cl,JOFWLTCLBGQGBO-UHFFFAOYSA-N
126,5576,,,,"","","",,CN1C(=O)OC(C)(C)C1=O,IRYJRGCIQBGHIV-UHFFFAOYSA-N
127,7851,,,,"","","",,C(CBr)N,IZQAUUVBKYXMET-UHFFFAOYSA-N
128,32874,,,,C,GTX,GTX,,CC1C(C(CC(O1)OC2CC(CC3=C(C4=C(C(=C23)O)C(=O)C5=C(C4=O)C=CC=C5OC)O)(C(=O)CO)O)N)O.Cl,MWWSFMDVAYGXBV-FGBJBKNOSA-N
129,6435893,,,,C,NGTX,NGTX,,CCC1C(=O)N(CC(=O)N(C(C(=O)NC(C(=O)N(C(C(=O)NC(C(=O)NC(C(=O)N(C(C(=O)N(C(C(=O)N(C(C(=O)N(C(C(=O)N1)C(C(C)CC=CC)O)C)C(C)C)C)CC(C)C)C)CC(C)C)C)C)C)CC(C)C)C)C(C)C)CC(C)C)C)C,PMATZTZNYRCHOR-KMSBSJHKSA-N
130,6197,,,,"","","",,C[C@H]1C[C@H](C)C(=O)[C@@H](C1)[C@@H](O)CC2CC(=O)NC(=O)C2,YPHMISFOHDHNIV-FSZOTQKASA-N
131,10438,,,,"","","",,CC(=CC(=O)C=C(C)C)C,MTZWHHIREPJPTG-UHFFFAOYSA-N
132,2313,,,,"","","",,C1=CC=C(C=C1)CN2C3=CC=CC=C3C(=N2)OCC(=O)O,BYFMCKSPFYVMOU-UHFFFAOYSA-N
133,21157,,,,"","","",,CCCCS(=N)(=O)CCC(C(=O)O)N,KJQFBVYMGADDTQ-UHFFFAOYSA-N
134,24154,,,,"","","",,C(C1C(C(C(C(O1)O)N)O)O)O,MSWZFWKMSRAUBD-GASJEMHNSA-N
135,5271566,,,,"","","",,CCOC(=O)C=CC(=O)OCC,IEPRKVQEAMIZSS-WAYWQWQTSA-N
136,6758,,,,NC,"",GTX,,CC(=C)C1CC2=C(O1)C=CC3=C2OC4COC5=CC(=C(C=C5C4C3=O)OC)OC,JUVIOZPCNVVQFO-HBGVWJBISA-N
137,136430,,,,"","","",,C1=CC=C(C=C1)NCNC2=CC=CC=C2,OHQOKJPHNPUMLN-UHFFFAOYSA-N
138,,,,,"","","",,"",""
139,5280965,,,,"","","",,C[C@H]1O[C@@H](O[C@@H]2C[C@H]3O[C@@](O)(C[C@H](O)[C@H]3C(O)=O)C[C@@H](O)C[C@@H](O)[C@H](O)CC[C@@H](O)C[C@@H](O)CC(=O)O[C@@H](C)[C@H](C)[C@H](O)[C@@H](C)C=CC=CC=CC=CC=CC=CC=C2)[C@@H](O)[C@@H](N)[C@@H]1O,APKFDSVGJQXUKY-INPOYWNPSA-N
140,1493,,,,"","","",,C1=CC(=C(C=C1[N+](=O)[O-])[N+](=O)[O-])O,UFBJCMHMOXMLKC-UHFFFAOYSA-N
141,62857,,,,"","","",,CNCCC(C1=CC=CC=C1)OC2=CC=C(C=C2)C(F)(F)F.Cl,GIYXAJPCNFJEHY-UHFFFAOYSA-N
142,5743,,,,"","","",,CC1CC2C3CCC4=CC(=O)C=CC4(C3(C(CC2(C1(C(=O)CO)O)C)O)F)C,UREBDLICKHMUKA-CXSFZGCWSA-N
143,11831,,,,C,"",GTX,,C1C2=CC=CC=C2C3=C1C=C(C=C3)[N+](=O)[O-],XFOHWECQTFIEIX-UHFFFAOYSA-N
144,12699,,,,"","","",,CN(C(=O)N)N=O,ZRKWMRDKSOPRRS-UHFFFAOYSA-N
145,178,,,,C,NGTX,NGTX,,CC(=O)N,DLFVBJFMPXGRIB-UHFFFAOYSA-N
146,6046,,,,"","","",,C1COCCN1N=O,ZKXDGKXYMTYWTB-UHFFFAOYSA-N
147,5546,,,,C,"",NGTX,,C1=CC=C(C=C1)C2=NC3=C(N=C(N=C3N=C2N)N)N,FNYLWPVRPXGIIP-UHFFFAOYSA-N
148,38904,,,,"","","",,C1CC(C1)(C(=O)O)C(=O)O.N.N.[Pt],DVQHYTBCTGYNNN-UHFFFAOYSA-N
149,24191118,,,,"","","",,[NH2-].[NH2-].Cl[Pt+2]Cl,DQLATGHUWYMOKM-UHFFFAOYSA-L
150,6020,,,,"","","",,CN(C)C1=NC=NC2=C1N=CN2C3C(C(C(O3)CO)N)O,RYSMHWILUNYBFW-GRIPGOBMSA-N
151,6024,,,,"","","",,CC(=O)OCC1=C(N2C(C(C2=O)NC(=O)CC3=CC=CS3)SC1)C(=O)O,XIURVHNZVLADCM-IUODEOHRSA-N
152,3467,,,,"","","",,CC(C1CCC(C(O1)OC2C(CC(C(C2O)OC3C(C(C(CO3)(C)O)NC)O)N)N)N)NC,CEAZRRDELHUEMR-UHFFFAOYSA-N
153,1674,,,,"","","",,CC1=C2CCC3=C2C(=CC4=C3C=CC5=CC=CC=C54)C=C1,PPQNQXQZIWHJRB-UHFFFAOYSA-N
154,66143,,,,"","","",,CCC(C1=CC=C(C=C1)OCCN(CC)CC)C(CC)C2=CC=C(C=C2)OCCN(CC)CC,UBDWKOZBPSKHMO-UHFFFAOYSA-N
155,7577,,,,"","","",,C1=CC(=CC=C1CC2=CC=C(C=C2)N)N,YBRVSVVVWCFQMG-UHFFFAOYSA-N
156,,,,,"","","",,"",""
157,2130,,,,"","","",,C1C2CC3CC1CC(C2)(C3)N,DKNWSYNQZKUICI-UHFFFAOYSA-N
158,34870,,,,"","","",,C1CC2=CC=CC=C2C(C3=CC=CC=C31)NCCCCCCC(=O)O,ONNOFKFOZAJDHT-UHFFFAOYSA-N
159,14957,,,,"","","",,CCCCCCC1C(C(OC(=O)C(C(OC1=O)C)NC(=O)C2=C(C(=CC=C2)NC=O)O)C)OC(=O)CC(C)C,UIFFUZWRFRDZJC-SBOOETFBSA-N
160,60823,,,,"","","",,CC(C)C1=C(C(=C(N1CCC(CC(CC(=O)O)O)O)C2=CC=C(C=C2)F)C3=CC=CC=C3)C(=O)NC4=CC=CC=C4,XUKUURHRXDUEBC-KAYWLYCHSA-N
161,5757,,,,"","","",,CC12CCC3C(C1CCC2O)CCC4=C3C=CC(=C4)O,VOXZDWNPVJITMN-ZBRFXRBCSA-N
162,2478,,,,"","","",,CS(=O)(=O)OCCCCOS(=O)(=O)C,COVZYZSDYWQREU-UHFFFAOYSA-N
163,24947,,,,"","","",,Cl[Cd]Cl,YKYOUMDCQGMQQO-UHFFFAOYSA-L
164,2578,,,,C,GTX,GTX,,C(CCl)NC(=O)N(CCCl)N=O,DLGOEMSEDOSKAD-UHFFFAOYSA-N
165,2585,,,,"","","",,COC1=CC=CC=C1OCCNCC(COC2=CC=CC3=C2C4=CC=CC=C4N3)O,OGHNVEJMJSYVRP-UHFFFAOYSA-N
166,2662,,,,"","","",,CC1=CC=C(C=C1)C2=CC(=NN2C3=CC=C(C=C3)S(=O)(=O)N)C(F)(F)F,RZEKVGVHFLEQIL-UHFFFAOYSA-N
167,10462091,,,,"","","",,CCCCCCCCCCCCCCCCCCCCCCCC(=O)NC(CO)C(C(CCCCCCCCCCCCCC)O)O,ZESJDNWGTANZCC-LFVSMIGWSA-N
168,446156,,,,"","","",,CC(C)C1=C(C(=C(C(=N1)C(C)C)COC)C2=CC=C(C=C2)F)C=CC(CC(CC(=O)O)O)O,SEERZIQQUAZTOL-ANMDKAQQSA-N
169,2708,,,,C,GTX,GTX,,C1=CC(=CC=C1CCCC(=O)O)N(CCCl)CCCl,JCKYGMPEJWAADB-UHFFFAOYSA-N
170,2719,,,,"","","",,CCN(CC)CCCC(C)NC1=C2C=CC(=CC2=NC=C1)Cl,WHTVZRBIWZFKQO-UHFFFAOYSA-N
171,2771,,,,"","","",,CN(C)CCCC1(C2=C(CO1)C=C(C=C2)C#N)C3=CC=C(C=C3)F,WSEQXVZVJXJVFP-UHFFFAOYSA-N
172,2812,,,,"","","",,C1=CC=C(C=C1)C(C2=CC=CC=C2)(C3=CC=CC=C3Cl)N4C=CN=C4,VNFPBHJOKIVQEB-UHFFFAOYSA-N
173,5311281,,,,"","","",,CC1CCCC(C=CC(=O)OC23C(C=CC1)C(C(=C)C(C2C(NC3=O)CC4=CC=CC=C4)C)O)O,GBOGMAARMMDZGR-TYHYBEHESA-N
174,30323,,,,C,GTX,GTX,,CC1C(C(CC(O1)OC2CC(CC3=C2C(=C4C(=C3O)C(=O)C5=C(C4=O)C(=CC=C5)OC)O)(C(=O)C)O)N)O,STQGQHZAVUOBTE-VGBVRHCVSA-N
175,124087,,,,"","","",,C1CC2=C(C=CC(=C2)Cl)C(=C3CCNCC3)C4=C1C=CC=N4,JAUOIFJMECXRGI-UHFFFAOYSA-N
176,135398739,,,,"","","",,C1CC(OC1CO)N2C=NC3=C2N=CNC3=O,BXZVVICBKDXVGW-NKWVEPMBSA-N
177,448537,,,,C,GTX,GTX,,CCC(=C(CC)C1=CC=C(C=C1)O)C2=CC=C(C=C2)O,RGLYKWWBQGJZGM-ISLYRVAYSA-N
178,3100,,,,"","","",,CN(C)CCOC(C1=CC=CC=C1)C2=CC=CC=C2,ZZVUWRFHKOJYTH-UHFFFAOYSA-N
179,3158,,,,"","","",,CN(C)CCC=C1C2=CC=CC=C2COC3=CC=CC=C31,ODQWQRRAPPTVAG-UHFFFAOYSA-N
180,50942,,,,"","","",,CN1C2=C(C(=O)N(C1=O)C)N(C=N2)CC3OCCO3,HWXIGFIVGWUZAO-UHFFFAOYSA-N
181,176870,,,,"","","",,COCCOC1=C(C=C2C(=C1)C(=NC=N2)NC3=CC=CC(=C3)C#C)OCCOC,AAKJLRGGTJKAMG-UHFFFAOYSA-N
182,3386,,,,"","","",,CNCCC(C1=CC=CC=C1)OC2=CC=C(C=C2)C(F)(F)F,RTHCYVBBDHJXIQ-UHFFFAOYSA-N
183,3446,,,,"","","",,C1CCC(CC1)(CC(=O)O)CN,UGJMXCAKCUNAIE-UHFFFAOYSA-N
184,123631,,,,"","","",,COC1=C(C=C2C(=C1)N=CN=C2NC3=CC(=C(C=C3)F)Cl)OCCCN4CCOCC4,XGALLCVXEZPNRQ-UHFFFAOYSA-N
185,42890,,,,"","","",,CC1C(C(CC(O1)OC2CC(CC3=C2C(=C4C(=C3O)C(=O)C5=CC=CC=C5C4=O)O)(C(=O)C)O)N)O,XDXDZDZNSLXDNA-TZNDIEGXSA-N
186,3690,,,,"","","",,C1CN(P(=O)(OC1)NCCCl)CCCl,HOMGKSMUEGBAAB-UHFFFAOYSA-N
187,5291,,,,"","","",,CC1=C(C=C(C=C1)NC(=O)C2=CC=C(C=C2)CN3CCN(CC3)C)NC4=NC=CC(=N4)C5=CN=CC=C5,KTUFNOKKBVMGRW-UHFFFAOYSA-N
188,5282379,,,,"","","",,CC1=C(C(CCC1)(C)C)C=CC(=CC=CC(=CC(=O)O)C)C,SHGAZHPCJJPHSC-XFYACQKRSA-N
189,3793,,,,"","","",,CCC(C)N1C(=O)N(C=N1)C2=CC=C(C=C2)N3CCN(CC3)C4=CC=C(C=C4)OCC5COC(O5)(CN6C=NC=N6)C7=C(C=C(C=C7)Cl)Cl,VHVPQPYKVGDNFY-UHFFFAOYSA-N
190,6032,,,,"","","",,C1C(C(C(C(C1N)OC2C(C(C(C(O2)CN)O)O)O)O)OC3C(C(C(C(O3)CO)O)N)O)N,SBUJHOSQTJFQJX-NOAMYHISSA-N
191,3883,,,,"","","",,CC1=C(C=CN=C1CS(=O)C2=NC3=CC=CC=C3N2)OCC(F)(F)F,MJIHNNLFOKEZEW-UHFFFAOYSA-N
192,21157,,,,"","","",,CCCCS(=N)(=O)CCC(C(=O)O)N,KJQFBVYMGADDTQ-UHFFFAOYSA-N
193,9903,,,,"","","",,CC(CCC(=O)O)C1CCC2C1(CCC3C2CCC4C3(CCC(C4)O)C)C,SMEROWZSTRWXGI-HVATVPOCSA-N
194,3957,,,,"","","",,CCOC(=O)N1CCC(=C2C3=C(CCC4=C2N=CC=C4)C=C(C=C3)Cl)CC1,JCCNYMKQOSZNPW-UHFFFAOYSA-N
195,119031,,,,"","","",,CC(C)CC(C(C(=O)NO)O)C(=O)NC(C(=O)NC)C(C)(C)C,OCSMOTCMPXTDND-OUAUKWLOSA-N
196,445434,,,,"","","",,CC1C(NC(=O)C(NC(=O)C(C(NC(=O)C(NC(=O)C(NC(=O)C(=C)N(C(=O)CCC(NC1=O)C(=O)O)C)C)CC(C)C)C(=O)O)C)CCCN=C(N)N)C=CC(=CC(C)C(CC2=CC=CC=C2)OC)C,ZYZCGGRZINLQBL-GWRQVWKTSA-N
197,3038522,,,,"","","",,CC(C)OC1=CC=C(C=C1)NC(=O)N2CCN(CC2)C3=NC=NC4=CC(=C(C=C43)OC)OCCCN5CCCCC5,UXXQOJXBIDBUAC-UHFFFAOYSA-N
198,6228,,,,"","","",,CN(C)C=O,ZMXDDKWLCZADIW-UHFFFAOYSA-N
199,4463,,,,"","","",,CC1=C2C(=NC=C1)N(C3=C(C=CC=N3)C(=O)N2)C4CC4,NQDJXKOVJZTUJA-UHFFFAOYSA-N
200,6230,,,,"","","",,CC12CCC3C(C1CCC2(C#C)O)CCC4=CC(=O)CCC34,VIKNJXKGJWUCNN-XGXHKTLJSA-N
201,4543,,,,"","","",,CNCCC=C1C2=CC=CC=C2CCC3=CC=CC=C31,PHVGLTMQBUFIQQ-UHFFFAOYSA-N
202,135398745,,,,"","","",,CC1=CC2=C(S1)NC3=CC=CC=C3N=C2N4CCN(CC4)C,KVWDHTXUZHCGIO-UHFFFAOYSA-N
203,4679,,,,"","","",,COC1=C(C(=NC=C1)CS(=O)C2=NC3=C(N2)C=C(C=C3)OC(F)F)OC,IQPSEEYGBUAQFF-UHFFFAOYSA-N
204,15938,,,,"","","",,C[N+]1=CC=C(C=C1)C2=CC=[N+](C=C2)C.[Cl-].[Cl-],FIKAKWIAUPDISJ-UHFFFAOYSA-L
205,43815,,,,"","","",,C1CNCC(C1C2=CC=C(C=C2)F)COC3=CC4=C(C=C3)OCO4,AHOUBRCZNHFOSL-YOEHRIQHSA-N
206,4752,,,,"","","",,CC1C(=O)NC2CC3=C(NC4=CC=CC=C34)SCC(C(=O)N5CC(CC5C(=O)N1)O)NC(=O)C(NC(=O)C(NC(=O)C(NC2=O)CC(C)(CO)O)C)C(C)O,KPKZJLCSROULON-UHFFFAOYSA-N
207,466151,,,,"","","",,CC1(C(N(CCS1)S(=O)(=O)C2=CC=C(C=C2)OC3=CC=NC=C3)C(=O)NO)C,YKPYIPVDTNNYCN-INIZCTEOSA-N
208,5994,,,,C,NGTX,NGTX,,CC(=O)C1CCC2C1(CCC3C2CCC4=CC(=O)CCC34C)C,RJKFOVLPORLFTN-LEKSSAKUSA-N
209,5002,,,,"","","",,C1CN(CCN1CCOCCO)C2=NC3=CC=CC=C3SC4=CC=CC=C42,URKOMYMAXPYINW-UHFFFAOYSA-N
210,5029,,,,"","","",,CC1=C(C=CN=C1CS(=O)C2=NC3=CC=CC=C3N2)OCCCOC,YREYEVIYCVEVJK-UHFFFAOYSA-N
211,5362129,,,,"","","",,CCOC(=O)C(CCC1=CC=CC=C1)NC(C)C(=O)N2C3CCCC3CC2C(=O)O,HDACQVRGBOVJII-JBDAPHQKSA-N
212,5284616,,,,"","","",,CC1CCC2CC(C(=CC=CC=CC(CC(C(=O)C(C(C(=CC(C(=O)CC(OC(=O)C3CCCCN3C(=O)C(=O)C1(O2)O)C(C)CC4CCC(C(C4)OC)O)C)C)O)OC)C)C)C)OC,QFJCIRLUMZQUOT-HPLJOQBZSA-N
213,5073,,,,"","","",,CC1=C(C(=O)N2CCCCC2=N1)CCN3CCC(CC3)C4=NOC5=C4C=CC(=C5)F,RAPZEAPATHNIPO-UHFFFAOYSA-N
214,5090,,,,"","","",,CS(=O)(=O)C1=CC=C(C=C1)C2=C(C(=O)OC2)C3=CC=CC=C3,RZJQGNCSTQAWON-UHFFFAOYSA-N
215,68617,,,,"","","",,CNC1CCC(C2=CC=CC=C12)C3=CC(=C(C=C3)Cl)Cl,VGKDLMBJGBXTGI-SJCJKPOMSA-N
216,135398744,,,,"","","",,CCCC1=NN(C2=C1N=C(NC2=O)C3=C(C=CC(=C3)S(=O)(=O)N4CCN(CC4)C)OCC)C,BNRNXUUZRGQAQC-UHFFFAOYSA-N
217,5253,,,,"","","",,CC(C)NCC(C1=CC=C(C=C1)NS(=O)(=O)C)O,ZBMZVLHSJCTVON-UHFFFAOYSA-N
218,644020,,,,"","","",,C1CCN2CC3CC(C2C1)CN4C3CCCC4,SLRCCWJSBJZJBV-ZQDZILKHSA-N
219,99596,,,,"","","",,CC12C(=O)N3C4C(C(C3(C(=O)N1C)SS2)O)(C5=CC(=C(C(=C5N4C)OC)OC)Cl)O,QTONANGUNATZOU-ICTVWZTPSA-N
220,44259,,,,"","","",,CC12C(C(CC(O1)N3C4=CC=CC=C4C5=C6C(=C7C8=CC=CC=C8N2C7=C53)CNC6=O)NC)OC,HKSZLNNOFSGOKW-FYTWVXJKSA-N
221,18283,,,,"","","",,CC1=CN(C(=O)NC1=O)C2C=CC(O2)CO,XNKLLVCARDGLGL-JGVFFNPUSA-N
222,29327,,,,"","","",,CN(C(=O)NC1C(C(C(OC1O)CO)O)O)N=O,ZSJLQEPLLKMAKR-GKHCUFPYSA-N
223,5318,,,,"","","",,C1=CC(=CC=C1CSC(CN2C=CN=C2)C3=C(C=C(C=C3)Cl)Cl)Cl,AFNXATANNDIXLG-UHFFFAOYSA-N
224,445643,,,,"","","",,CC1CC(C2C(CC(C(O2)(C(=O)C(=O)N3CCCCC3C(=O)OC(C(C(CC(=O)C(C=C(C1)C)CC=C)O)C)C(=CC4CCC(C(C4)OC)O)C)O)C)OC)OC,QJJXYPPXXYFBGM-LFZNUXCKSA-N
225,60712,,,,"","","",,C1=CSC(=C1)C(=O)C2=C(N(C3=C2C=C(C=C3)Cl)C(=O)N)O,IZSFDUMVCVVWKW-UHFFFAOYSA-N
226,,,,,"","","",,"",""
227,444795,,,,"","","",,CC1=C(C(CCC1)(C)C)C=CC(=CC=CC(=CC(=O)O)C)C,SHGAZHPCJJPHSC-YCNIQYBTSA-N
228,119607,,,,"","","",,CC1=C(C(=NO1)C2=CC=CC=C2)C3=CC=C(C=C3)S(=O)(=O)N,LNPDTQAFDNKSHK-UHFFFAOYSA-N
229,7991,,,,"","","",,CCCCC(=O)O,NQPDZGIKBAWPEJ-UHFFFAOYSA-N
230,13342,,,,"","","",,CCC1(CC2CC(C3=C(CCN(C2)C1)C4=CC=CC=C4N3)(C5=C(C=C6C(=C5)C78CCN9C7C(C=CC9)(C(C(C8N6C)(C(=O)OC)O)OC(=O)C)CC)OC)C(=O)OC)O,JXLYSJRDGCGARV-CFWMRBGOSA-N
231,35370,,,,"","","",,CC1=CN(C(=O)NC1=O)C2CC(C(O2)CO)N=[N+]=[N-],HBOMLICNUCNMMY-XLPZGREQSA-N
232,679,,,,"",NGTX,NGTX,,CS(=O)C,IAZDPXIOMUYVGZ-UHFFFAOYSA-N
